"JPMorgan Chase,JPMorgan Chse,JPMorgan Chae,JPMorgan Chse"
"Berkshire Hathaway,Berkshire Hathway,Berkshre Hathaway,Berkshre Hathway"
"Saudi Arabian Oil Company,Saudi Arabian Oi Company,Saudi Arabian Oil Compny,Saudi Arabian Oi Compny"
"ICBC,ICB,IBC,ICB"
"Bank of America,Bank of Amerca,Bnk of America,Bnk of Amerca"
"Amazon,Amazn,Amaon,Amazn"
"China Construction Bank,China Constrction Bank,Chna Construction Bank,Chna Constrction Bank"
"Microsoft,Microsofot,Microsft,Microsofot"
"Agricultural Bank of China,Agricultural Bank of Chna,Agricultral Bank of China,Agricultral Bank of Chna"
"Alphabet,Alphabt,Aphabet,Alphabt"
"Toyota Motor,Toyota Mtor,Toyta Motor,Toyta Mtor"
"Apple,Aple,Aple,Aple"
"Bank of China,Bank of Chna,Bnk of China,Bnk of Chna"
"ExxonMobil,ExonMobil,ExxonMbil,ExonMbil"
"HSBC Holdings,HSBC Holdngs,HSCB Holdings,HSCB Holdngs"
"Wells Fargo,Wells Fago,Wels Fargo,Wels Fago"
"Shell,Sheel,Shll,Sheel"
"PetroChina,PetroChna,PetroChia,PetroChna"
"UnitedHealth Group,UnitedHealth Grup,UntedHealth Group,UntedHealth Grup"
"Walmart,Walmrt,Walmat,Walmrt"
"Samsung Electronics,Samsung Electroncs,Samung Electronics,Samung Electroncs"
"Chevron,Chevon,Chvron,Chevon"
"Goldman Sachs Group,Goldman Sachs Grup,Goldmn Sachs Group,Goldmn Sachs Grup"
"Meta Platforms,Meta Platfors,Mta Platforms,Mta Platfors"
"TotalEnergies,TotalEnerges,TotalEnergies,TotalEnerges"
"Morgan Stanley,Morgan Stanly,Mrgan Stanley,Mrgan Stanly"
"RBC,RC,RBC,RC"
"Citigroup,Citigroup,Citigrup,Citigrup"
"Ping An Insurance Group,Ping An Insrance Group,Pin An Insurance Group,Pin An Insrance Group"
"China Mobile,China Moble,Chna Mobile,Chna Moble"
"Allianz,Alianz,Alianz,Alianz"
"BNP Paribas,BNP Pribas,BP Paribas,BP Pribas"
"Verizon Communications,Verizon Communicatons,Verzon Communications,Verzon Communicatons"
"China Merchants Bank,China Merchnts Bank,Chna Merchants Bank,Chna Merchnts Bank"
"UBS,US,UBS,US"
"Santander,Santandr,Sntander,Sntandr"
"AT&T,AT&,A&T,AT&"
"Tencent Holdings,Tencent Holdngs,Tencnt Holdings,Tencnt Holdngs"
"Mitsubishi UFJ Financial,Mitsubishi UFJ Fnancial,Mitsbishi UFJ Financial,Mitsbishi UFJ Fnancial"
"Comcast,Comcat,Comcst,Comcat"
"Alibaba Group,Alibba Group,Alibab Group,Alibba Group"
"Sinopec,Snopec,Sinpec,Snopec"
"Volkswagen Group,Volkswagen Grup,Volkswgen Group,Volkswgen Grup"
"TD Bank Group,TD Bank Grup,T Bank Group,T Bank Grup"
"Johnson & Johnson,Johnson & Jonson,Johnon & Johnson,Johnon & Jonson"
"Taiwan Semiconductor,Taiwan Semiconducr,Taiwn Semiconductor,Taiwn Semiconducr"
"BP,B,B,B"
"LVMH Mo?t Hennessy Louis Vuitton,LVMH Mo?t Hennessy Luis Vuitton,LVM Mo?t Hennessy Louis Vuitton,LVM Mo?t Hennessy Luis Vuitton"
"Reliance Industries,Reliance Industris,Relance Industries,Relance Industris"
"Nestl¨¦,Nestle,Nestle,Nestle"
"AXA Group,AXA Grup,AA Group,AA Grup"
"Mercedes-Benz Group,Mercedes-Benz Grup,Mercede-Benz Group,Mercede-Benz Grup"
"American Express,American Exress,Amercan Express,Amercan Exress"
"Petrobras,Petrobrs,Petobras,Petobrs"
"State Bank of India,State Bank of Inda,Stte Bank of India,Stte Bank of Inda"
"Bank of Communications,Bank of Communicatons,Bnk of Communications,Bnk of Communicatons"
"Postal Savings Bank Of China,Postal Savings Bank Of Chna,Postl Savings Bank Of China,Postl Savings Bank Of Chna"
"Tesla,Teala,Tsla,Teala"
"Procter & Gamble,Procter & Gamle,Proter & Gamble,Proter & Gamle"
"Stellantis,Stellntis,Stelantis,Stellntis"
"BMW Group,BMW Grup,BW Group,BW Grup"
"Deutsche Telekom,Deutsche Teleom,Detsche Telekom,Detsche Teleom"
"Sumitomo Mitsui Financial,Sumitomo Mitsui Fnancial,Sumitomo Mitui Financial,Sumitomo Mitui Fnancial"
"CVS Health,CVS Helth,CS Health,CS Helth"
"HDFC Bank,HDFC Bnk,HDC Bank,HDC Bnk"
"BBVA-Banco Bilbao Vizcaya,BBVA-Banco Bilbo Vizcaya,BVA-Banco Bilbao Vizcaya,BVA-Banco Bilbo Vizcaya"
"Sony,Sny,Sony,Sny"
"Siemens,Siemes,Siemns,Siemes"
"Commonwealth Bank,Commonwelth Bank,Comonwealth Bank,Comonwelth Bank"
"Life Insurance Corp. of India,Life Insurance Corp. of Inda,Lfe Insurance Corp. of India,Lfe Insurance Corp. of Inda"
"General Motors,General Motrs,Generl Motors,Generl Motrs"
"Nippon Telegraph & Tel,Nippon Telegrah & Tel,Nipon Telegraph & Tel,Nipon Telegrah & Tel"
"Credit Agricole,Credit Agricle,Cretit Agricole,Cretit Agricle"
"Broadcom,Brodcom,Broadcm,Brodcm"
"PepsiCo,PepsCo,PesiCo,PesiCo"
"The Home Depot,The Home Dpot,The Hme Depot,The Hme Dpot"
"Oracle,Orcle,Orale,Orcle"
"Mitsubishi,Mitsbishi,Mitsubshi,Mitsbishi"
"Roche Holding,Roche Holdng,Rche Holding,Rche Holdng"
"Equinor,Equior,Eqinor,Eqinor"
"Elevance Health,Elevance Helth,Elvance Health,Elvance Helth"
"CNOOC,CNOC,CNOC,CNOC"
"Industrial Bank,Industral Bank,Indstrial Bank,Indstral Bank"
"Intesa Sanpaolo Assicura,Intesa Sanpaolo Asicura,Intesa Sanpolo Assicura,Intesa Sanpolo Asicura"
"IBM,IM,IB,IM"
"Chubb,Chub,Chub,Chub"
"Ita¨² Unibanco Holding,Ita¨² Unibnco Holding,Ita¨² Unibanco Hlding,Ita¨² Unibnco Hlding"
"Anheuser-Busch InBev,Anheuser-Busch InBv,Anheuser-Bsch InBev,Anheuser-Bsch InBv"
"AbbVie,AbVie,AbbVe,AbVe"
"Cisco Systems,Ciso Systems,Csco Systems,Ciso Systems"
"Honda Motor,Honda Mtor,Hoda Motor,Hoda Mtor"
"Bank of Nova Scotia,Bank of Nova Sctia,Bnk of Nova Scotia,Bnk of Nova Sctia"
"Hyundai Motor,Hyundai Mtor,Hyundai Motor,Hyundai Mtor"
"Enel,Eel,Enl,Eel"
"Cigna,Ciga,Cgna,Ciga"
"Costco Wholesale,Costco Whlesale,Costco Wholesele,Costco Whlesele"
"Munich Re,Munih Re,Minich Re,Minich Re"
"Zurich Insurance Group,Zurich Insrance Group,Zuric Insurance Group,Zuric Insrance Group"
"Novartis,Novrtis,Nvartis,Novrtis"
"Coca-Cola,Coca-Cola,Coca-Caola,Coca-Caola"
"GE Aerospace,GE Aerosapce,GE Aerspace,GE Aersapce"
"Caterpillar,Caterpilar,Caterpilar,Caterpilar"
"John Deere,John Dere,Jon Deere,Jon Dere"
"Bank of Montreal,Bank of Montrel,Bnk of Montreal,Bnk of Montrel"
"Mizuho Financial,Mizuho Financal,Mizuo Financial,Mizuo Financal"
"AIRBUS,AIRBIS,ARBUS,ARBIS"
"Intel,Intle,Itel,Itle"
"Mitsui,Mitsui,Mtsui,Mtsui"
"ConocoPhillips,ConocoPhilips,ConocoPhillps,ConocoPhilps"
"China State Construction Engineering,China State Constrction Engineering,Chna State Construction Engineering,Chna State Constrction Engineering"
"NVIDIA,NVIDA,NVDA,NVDA"
"Rio Tinto,Rio Tnto,Rio Tino,Rio Tnto"
"CITIC,CITC,CITIC,CITC"
"RTX,RTX,RTX,RTX"
"Glencore International,Glencore Internatioal,Glencor International,Glencor Internatioal"
"BHP Group,BHP Grup,BHP Group,BHP Grup"
"China Life Insurance,China Life Insrance,Chna Life Insurance,Chna Life Insrance"
"US Bancorp,US Bncorp,US Bancop,US Bncorp"
"Hon Hai Precision,Hon Hai Precison,Hn Hai Precision,Hn Hai Precison"
"Iberdrola,Iberdrola,Iberdola,Iberdola"
"AstraZeneca,AstraZenca,AstraZneca,AstraZenca"
"Sanofi,Snofi,Sanfi,Snofi"
"Unilever,Unilver,Unilver,Unilver"
"Ford Motor,Ford Mtor,Fod Motor,Fod Mtor"
"Capital One,Capital Oe,Capitl One,Capitl Oe"
"NAB - National Australia Bank,NAB - National Australia Bnk,NAB - Natonal Australia Bank,NAB - Natonal Australia Bnk"
"Apollo Global Management,Apollo Global Managment,Aplo Global Management,Aplo Global Managment"
"Visa,Vsa,Vsa,Vsa"
"UniCredit,UniCedit,UnCredit,UnCedit"
"Contemporary Amperex Technology,Contemporary Amperx Technology,Contemprary Amperex Technology,Contemprary Amperx Technology"
"American International Group,American Internatioal Group,Amercan International Group,Amercan Internatioal Group"
"ANZ Group Holdings,ANZ Group Holdngs,AN Group Holdings,AN Group Holdngs"
"VINCI,VIINCI,VICI,VICI"
"China Citic Bank,China Citic Bnk,Chna Citic Bank,Chna Citic Bnk"
"Thermo Fisher Scientific,Thermo Fisher Scientfic,Thero Fisher Scientific,Thero Fisher Scientfic"
"Charles Schwab,Charles Schwb,Charls Schwab,Charls Schwb"
"Progressive,Progressve,Progresive,Progresive"
"DBS,DB,DBS,DB"
"Marathon Petroleum,Marathon Petoleum,Marathn Petroleum,Marathn Petoleum"
"PNC Financial Services,PNC Financal Services,PNC Financial Servces,PNC Financal Servces"
"Generali Group,Generali Grup,Generli Group,Generli Grup"
"ICICI Bank,ICICI Bnk,ICI Bank,ICI Bnk"
"Itochu,Itohu,Itoch,Itoch"
"Westpac Banking Group,Westpac Banking Grup,Westac Banking Group,Westac Banking Grup"
"United Parcel Service,United Parcel Servce,Unted Parcel Service,Unted Parcel Servce"
"Deutsche Bank,Deutsche Bnk,Detusche Bank,Detusche Bnk"
"Canadian Imperial Bank,Canadian Imperal Bank,Canadin Imperial Bank,Canadin Imperal Bank"
"China Shenhua Energy,China Shenhua Energey,Chna Shenhua Energy,Chna Shenhua Energey"
"Tokio Marine Holdings,Tokio Marine Holdngs,Toko Marine Holdings,Toko Marine Holdngs"
"NextEra Energy,NextEra Energey,NxtEra Energy,NxtEra Energey"
"Eni,Eni,Eni,Eni"
"BYD,BYD,BY,BY"
"ING Group,ING Grup,IG Group,IG Grup"
"Lloyds Banking Group,Lloyds Banking Grup,Llyods Banking Group,Llyods Banking Grup"
"Walt Disney,Walt Disny,Wlt Disney,Wlt Disny"
"Phillips 66,Phillips 6,Phllips 66,Phllips 6"
"MetLife,MetLfe,MetLfe,MetLfe"
"Salesforce,Salesfrce,Slesforce,Slesfrce"
"Shanghai Pudong Development,Shanghai Pudong Develoment,Shnghai Pudong Development,Shnghai Pudong Develoment"
"Banco do Brasil,Banco do Brasl,Bnco do Brasil,Bnco do Brasl"
"AIA Group,AIA Grup,AIA Group,AIA Grup"
"Merck & Co.,Merck & C.,Merck & Co.,Merck & C."
"Abbott Laboratories,Abbott Laboratries,Abbot Laboratories,Abbot Laboratries"
"China Telecom,China Teleom,Chna Telecom,Chna Teleom"
"Dell Technologies,Dell Technolgies,Dll Technologies,Dll Technolgies"
"Barclays,Barclays,Barlays,Barlays"
"Linde,Lide,Lnde,Lide"
"FedEx,FedX,EdEx,EdX"
"Hitachi,Hitach,Hitach,Hitach"
"Accenture,Accentue,Accnture,Accntue"
"Lockheed Martin,Lockheed Mrtin,Locheed Martin,Locheed Mrtin"
"L'Or¨¦al,L'Or¨¦al,L'Oreal,L'Oreal"
"Nordea Bank,Nordea Bnk,Nrdea Bank,Nrdea Bnk"
"Eli Lilly,Eli Lly,Eli Lily,Eli Lly"
"KKR,KR,KR,KR"
"Philip Morris International,Philip Morris Internatioal,Philp Morris International,Philp Morris Internatioal"
"NatWest Group,NatWest Grup,NatWst Group,NatWst Grup"
"Valero Energy,Valero Energey,Vlero Energy,Vlero Energey"
"Enbridge,Enbrdge,Enbrige,Enbrige"
"JD.com,JD.cm,J.com,J.cm"
"Bank of New York Mellon,Bank of New York Melon,Bnk of New York Mellon,Bnk of New York Melon"
"Vale,Vale,Vle,Vle"
"GSK,GS,GS,GS"
"Prudential Financial,Prudential Financal,Prdential Financial,Prdential Financal"
"Lowe's,Lowe's,Low's,Low's"
"Charter Communications,Charter Communicatons,Charer Communications,Charer Communicatons"
"Honeywell International,Honeywell Internatioal,Honeywel International,Honeywel Internatioal"
"McKesson,McKeson,McKesson,McKeson"
"Duke Energy,Duke Energey,Dke Energy,Dke Energey"
"Qualcomm,Qualcom,Qualcmm,Qualcom"
"HCA Healthcare,HCA Helthcare,CA Healthcare,CA Helthcare"
"Medtronic,Medtrnic,Medtrnic,Medtrnic"
"Amgen,Amgen,Amgn,Amgn"
"ENGIE,ENGI,ENIE,ENIE"
"Southern Company,Southern Compny,Southrn Company,Southrn Compny"
"CaixaBank,CaixaBnk,CaixBank,CaixBnk"
"Manulife,Manlfe,Manlife,Manlfe"
"Danaher,Danher,Danaher,Danher"
"Mondelez International,Mondelez Internatioal,Mondelez Internationl,Mondelez Internationl"
"Schneider Electric,Schneider Elecric,Schneider Elctric,Schneider Elctric"
"Target,Trget,Taret,Trget"
"Deutsche Post,Deutsche Pos,Detusche Post,Detusche Pos"
"KDDI,KDI,KDD,KDD"
"National Grid,Natonal Grid,Nationl Grid,Nationl Grid"
"Midea Group,Midea Grup,Mida Group,Mida Grup"
"Novo Nordisk,Novo Nordsk,Nvo Nordisk,Nvo Nordsk"
"Oil & Natural Gas,Oil & Natural Gs,Ol & Natural Gas,Ol & Natural Gs"
"Am¨¦rica M¨®vil,Am¨¦rica M¨®vl,Am¨¦rca M¨®vil,Am¨¦rca M¨®vl"
"BlackRock,BlackRck,BlckRock,BlckRck"
"PDD Holdings,PDD Holdngs,PD Holdings,PD Holdngs"
"PICC,PIC,PCC,PCC"
"Netflix,Netlix,Netfix,Netfix"
"Brookfield Corporation,Brookfield Corpration,Brookfeld Corporation,Brookfeld Corpration"
"Qatar National Bank,Qatar Natonal Bank,Qatr National Bank,Qatr Natonal Bank"
"International Holding Company,International Holdng Company,Interntional Holding Company,Interntional Holdng Company"
"Travelers,Travelrs,Trvelers,Trvelrs"
"Volvo Group,Volvo Grup,Vo Group,Vo Grup"
"Union Pacific,Union Pacfic,Unon Pacific,Unon Pacfic"
"Oversea-Chinese Banking,Oversea-Chinese Bnking,Overse-Chinese Banking,Overse-Chinese Bnking"
"Swiss Re,Swiss Re,Swis Re,Swis Re"
"China Pacific Insurance,China Pacific Insrance,Chna Pacific Insurance,"
"McDonald's,McDonlad's,McDonlad's,McDonlad's"
"Banco Bradesco,Banco Bradeso,Banco Bradsco,Banco Bradsco"
"Centene,Cetene,Centne,Centne"
"PayPal,PayPal,Paypl,Paypl"
"Japan Post Holdings,Japan Post Holdngs,Japn Post Holdings,Japn Post Holdngs"
"Standard Chartered,Standard Chatered,Stndard Chartered,Stndard Chatered"
"China Everbright Bank,China Everbright Bnk,Chna Everbright Bank,Chna Everbright Bnk"
"Suncor Energy,Suncor Energey,Suncr Energy,Suncr Energey"
"SAP,SAP,SP,SP"
"Mastercard,Matercard,Masercard,Masercard"
"The Saudi National Bank,The Saudi National Bnk,The Sudi National Bank,The Sudi National Bnk"
"China Resources Land,China Resources Lnd,Chna Resources Land,Chna Resources Lnd"
"Delta Air Lines,Delta Air Lnes,Dlta Air Lines,Dlta Air Lnes"
"KIA,KIA,KA,KA"
"ASML Holding,ASML Holdng,AML Holding,AML Holdng"
"General Dynamics,General Dynamcs,Genral Dynamics,Genral Dynamcs"
"Daimler Truck Holding,Daimler Truck Holdng,Dmler Truck Holding,Dmler Truck Holdng"
"Nike,Nke,Nike,Nke"
"United Overseas Bank,United Overseas Bnk,Unted Overseas Bank,Unted Overseas Bnk"
"KBC Group,KBC Grup,KBC Group,KBC Grup"
"First Abu Dhabi Bank,First Abu Dhabi Bnk,Frst Abu Dhabi Bank,Frst Abu Dhabi Bnk"
"PTT,PT,PT,PT"
"Canadian Natural Resources,Canadian Natural Resouces,Canadin Natural Resources,Canadin Natural Resouces"
"Aflac,Aflc,Aflac,Aflc"
"Dai-ichi Life Insurance,Dai-ichi Life Insrance,Dai-chi Life Insurance,Dai-chi Life Insrance"
"Occidental Petroleum,Occidental Petoleum,Occidntal Petroleum,Occidntal Petoleum"
"China Minsheng Bank,China Minsheng Bnk,Chna Minsheng Bank,Chna Minsheng Bnk"
"Soci¨¦t¨¦ G¨¦n¨¦rale,Soci¨¦t¨¦ G¨¦nrale,Soct¨¦ G¨¦n¨¦rale,Soct¨¦ G¨¦nrale"
"KB Financial Group,KB Financal Group,KB Fnancial Group,KB Fnancial Group"
"Inditex,Indtex,Inditx,Inditx"
"Al Rajhi Bank,Al Rajhi Bnk,Al Raji Bank,Al Raji Bnk"
"MS&AD Insurance,MS&AD Insrance,MSAD Insurance,MSAD Insrance"
"Air Liquide,Air Lquide,Ar Liquide,Ar Lquide"
"Fiserv,Fisrve,Fsirv,Fsirv"
"China Railway Group,China Railway Grup,Chna Railway Group,Chna Railway Grup"
"Orange,Oange,Ornge,Ornge"
"Safran,Safrn,Safran,Safrn"
"Indian Oil,Indian Oi,Indan Oil,Indan Oi"
"Emirates NBD,Emirates NBD,Emrates NBD,Emrates NBD"
"EssilorLuxottica,EssilorLuxotica,EsilorLuxottica,EsilorLuxotica"
"Cencora,Cencra,Cencora,Cencra"
"SLB,SB,SL,SL"
"Saint-Gobain,Saint-Goban,Sant-Gobain,Sant-Goban"
"Danske Bank,Danske Bnk,Danske Bank,Dnske Bnk"
"Macquarie Group,Macquarie Grup,Mcquarie Group,Mcquarie Grup"
"Zijin Mining Group,Zijin Mining Grup,Zin Mining Group,Zin Mining Grup"
"TJX Cos,TJX Cs,TJ Cos,TJ Cs"
"Banorte,Banorte,Banorte,Banorte"
"Kweichow Moutai,Kweichow Mouta,Kweichw Moutai,Kweichw Mouta"
"Fubon Financial,Fubon Financal,Fbon Financial,Fbon Financal"
"SAIC Motor,SAIC Mtor,SIC Motor,SIC Mtor"
"Automatic Data Processing,Automatic Data Procesing,Automtic Data Processing,Automtic Data Procesing"
"Kraft Heinz Company,Kraft Heinz Comany,Krat Heinz Company,Krat Heinz Comany"
"Holcim,Holim,Hoclim,Hoclim"
"ABB,AB,AB,AB"
"EOG Resources,EOG Resouces,EG Resources,EG Resouces"
"Applied Materials,Applied Materils,Aplied Materials,Aplied Materils"
"E.ON,EON,E.ON,EON"
"Denso,Dens,Dnso,Dnso"
"DNB Bank,DNB Bnk,DNB Bank,DNB Bnk"
"Archer Daniels Midland,Archer Daniels Midlan,Acher Daniels Midland,Acher Daniels Midlan"
"Marsh & McLennan,Marsh & McLenan,Mrsh & McLennan,Mrsh & McLenan"
"Tata Motors,Tata Mtors,Ta Motors,Ta Mtors"
"Sumitomo,Sumitmo,Sumiomo,Sumiomo"
"Paccar,Pacar,Pacar,Pacar"
"Fairfax Financial,Fairfax Financal,Fairfx Financial,Fairfx Financal"
"PG&E,PG&E,PE&G,PE&G"
"SEB AB,SE AB,SB AB,SB AB"
"Allstate,Allstat,Alstate,Alstate"
"Kroger,Krogr,Kroger,Krogr"
"Erste Group Bank,Erste Group Bnk,Erste Grup Bank,Erste Grup Bnk"
"Axis Bank,Axis Bnk,Axs Bank,Axs Bnk"
"Humana,Humnana,Humna,Humna"
"Ameriprise Financial,Ameriprise Financal,Amriprise Financial,Amriprise Financal"
"Marubeni,Marbeni,Mrubeni,Mrubeni"
"Bank Of Jiangsu,Bank Of Jiagsu,Bnk Of Jiangsu,Bnk Of Jiagsu"
"CRH,CR,CR,CR"
"China Unicom,China Uncom,Chna Unicom,Chna Uncom"
"Sun Life Financial,Sun Life Financal,Sn Life Financial,Sn Life Financal"
"American Electric,American Electrci,Amercan Electric,Amercan Electrci"
"Banco Btg Pactual,Banco Btg Pactul,Bnco Btg Pactual,Bnco Btg Pactul"
"Northrop Grumman,Northrop Gruman,Nothrop Grumman,Nothrop Gruman"
"Shinhan Financial Group,Shinhan Financal Group,Shinhn Financial Group,Shinhn Financal Group"
"Couche Tard,Couche Tard,Cuche Tard,Cuche Tard"
"Xiaomi,Xaomi,Xiaoi,Xiaoi"
"CK Hutchison,CK Hutchson,CK Htchison,CK Htchson"
"Bank Rakyat Indonesia,Bank Rakyat Indoesia,Bnk Rakyat Indonesia,Bnk Rakyat Indoesia"
"Ko? Holding,Ko Holding,Koc Holding,Koc Holding"
"Merck KGaA, Darmstadt, Germany and its affiliates,Merck KGaA, Darmstadt, Germany and its affilates,Merck KGa, Darmstadt, Germany and its affiliates,Merck KGa, Darmstadt, Germany and its affilates"
"Commerzbank,Commerbank,Comerzbank,Comerzbank"
"Meituan,Meitun,Meitun,Meitun"
"Seven & I Holdings,Seven & I Holdngs,Sevn & I Holdings,Sevn & I Holdngs"
"Diageo,Diago,Diage,Diage"
"Eaton,Eton,Eton,Eton"
"Cathay Financial,Cathay Financal,Cthy Financial,Cthy Financal"
"Ecopetrol,Ecopetol,Ecopetrol,Ecopetol"
"Talanx,Talnx,Talnx,Talnx"
"Starbucks,Starbcks,Starbuks,Starbcks"
"Altria Group,Altria Grup,Altra Group,Altra Grup"
"Exelon,Exlon,Exeln,Exeln"
"D.R. Horton,D.R. Hortn,DR. Horton,DR. Hortn"
"National Bank of Canada,National Bank of Canda,Natonal Bank of Canada,Natonal Bank of Canda"
"Discover Financial Services,Discover Financal Services,Dicover Financial Services,Dicover Financal Services"
"Nippon Steel,Nipon Steel,Nippon Stel,Nipon Stel"
"Royal Ahold Delhaize N.V.,Royal Ahold Delhaize N. V.,Royal Ahold DelhaizeN.V.,Royal Ahold DelhaizeN. V."
"Lennar,Lenar,Lennr,Lenr"
"Stryker,Strker,Strykr,Strkr"
"Richemont,Richemnt,Richemont,Richemnt"
"Huaxia Bank,Huaxia Bnk,Huxia Bank,Huxia Bnk"
"Power Corp of Canada,Power Corp of Canda,Pwer Corp of Canada,Pwer Corp of Canda"
"Repsol,Repsl,Repol,Repol"
"Bank of Ningbo,Bank of Ningb,Bnk of Ningbo,Bnk of Ningb"
"Gree Electric Appliances,Gree Electric Applinces,Gre Electric Appliances,Gre Electric Applinces"
"Cenovus Energy,Cenovus Energey,Cnovus Energy,Cnovus Energey"
"Texas Instruments,Texas Intruments,Texs Instruments,Texs Intruments"
"RWE Group,RWE Grup,RW Group,RW Grup"
"Constellation Energy,Constellation Energey,Constelation Energy,Constelation Energey"
"M?ller-Maersk,M?ller-Maesk,M?ler-Maersk,M?ler-Maesk"
"Renault,Renalt,Renult,Renult"
"Nissan Motor,Nisan Motor,Nissan Mtor,Nisan Mtor"
"Panasonic,Panasonc,Panasnic,Panasnic"
"Advanced Micro Devices,Advanced Micro Devics,Advnced Micro Devices,Advnced Micro Devics"
"Hartford Financial Services,Hartford Financal Services,Harford Financial Services,Harford Financal Services"
"Adobe,Adbe,Adbe,Adbe"
"Sompo,Sompo,Sompo,Sompo"
"Uber,Ubr,Uber,Ubr"
"Bank of Beijing,Bank of Bejing,Bnk of Beijing,Bnk of Bejing"
"Vodafone,Vodafne,Vodfone,Vodfone"
"China Railway Construction,China Railway Constrction,Chna Railway Construction,Chna Railway Constrction"
"Poly Developments & Holdings Group,Poly Developments & Holdings Grup,Poly Devlopments & Holdings Group,Poly Devlopments & Holdings Grup"
"Japan Tobacco,Japn Tobacco,Japan Tobbaco,Japn Tobbaco"
"Freeport-McMoRan,Freeport-McMoran,Freport-McMoRan,Freport-McMoran"
"Fannie Mae,Fanie Mae,Fane Mae,Fane Mae"
"Nucor,Nucor,Nucor,Nucor"
"Booking Holdings,Booking Holdngs,Boking Holdings,Boking Holdngs"
"Canadian National Railway,Canadian National Rilway,Canadin National Railway,Canadin National Rilway"
"Corebridge Financial,Corebridge Financal,Corebridg Financial,Corebridg Financal"
"Tesco,Tescco,Tecco,Tecco"
"United Airlines Holdings,United Airlines Holdngs,Unted Airlines Holdings,Unted Airlines Holdngs"
"BAE Systems,BAE Sytems,BA Systems,BA Sytems"
"HP,HP,HP,HP"
"S&P Global,S&P Gobal,S&P Glbal,S&P Glbal"
"Cosco Shipping,Cosco Shiping,Csco Shipping,Csco Shiping"
"Freddie Mac,Freddic Mac,Frede Mac,Frede Mac"
"Sempra,Sempa,Sempr,Sempr"
"China Communications Construction,China Communications Constrction,Chna Communications Construction,Chna Communications Constrction"
"Kering,Kering,Kerng,Kerng"
"State Street,State Stret,Stat Street,Stat Stret"
"Saudi Telecom,Sudi Telecom,Saudi Teleom,Sudi Teleom"
"China Yangtze Power,China Yangtze Pwer,Chna Yangtze Power,Chna Yangtze Pwer"
"NTPC,NPC,NTC,NTC"
"Bank Mandiri,Bank Mandri,Bnk Mandiri,Bnk Mandri"
"Aviva,Avva,Avia,Avia"
"Swedbank,Swedbnk,Swdbank,Swdbank"
"Baidu,Bidu,Bidu,Bidu"
"First Citizens Bank,First Citizens Bnk,Frst Citizens Bank,Frst Citizens Bnk"
"Svenska Handelsbanken,Svenska Handelsbnken,Svenska Handelsbaken,Svenska Handelsbaken"
"Orix,Orx,Orix,Orx"
"Dow,Dow,Dow,Dow"
"IntercontinentalExchange,IntercontinentalExchnge,IntercontnentalExchange,IntercontnentalExchnge"
"Power Construction Corporation of China,Power Construction Corporaton of China,Pwer Construction Corporation of China,Pwer Construction Corporaton of China"
"Toyota Tsusho,Toyota Tusho,Totota Tsusho,Totota Tusho"
"Takeda Pharmaceutical,Takeda Pharmaceutcal,Takda Pharmaceutical,Takda Pharmaceutcal"
"Poste Italiane,Poste Itlaiane,Post Italiane,Post Itlaiane"
"Mitsubishi Electric,Mitsubshi Electric,Mitsubi Electric,Mitsubi Electric"
"Citic Securities,Citic Scurities,Ctic Securities,Ctic Scurities"
"Haier Smart Home,Haier Smart Hme,Hier Smart Home,Hier Smart Hme"
"Kinder Morgan,Kinder Mrgan,Kindr Morgan,Kindr Mrgan"
"Toyota Industries,Toyota Industris,Totota Industries,Totota Industris"
"Rolls-Royce Holdings,Rolls-Royce Holdngs,Rols-Royce Holdings,Rols-Royce Holdngs"
"Fortescue Metals Group,Fortescue Metals Grup,Fortesce Metals Group,Fortesce Metals Grup"
"Waste Management,Waste Managemnt,WaSte Management,WaSte Managemnt"
"Cheniere Energy,Cheniere Energey,Chenire Energy,Chenire Energey"
"TAQA,TAQ,TAQ,TAQ"
"CSX,CS,CS,CS"
"Johnson Controls International,Johnson Controls Interational,Johnsn Controls International,Johnsn Controls Interational"
"Larsen & Toubro,Larsen & Toubr,Larsn & Toubro,Larsn & Toubr"
"Femsa,Fmsa,Femsa,Fmsa"
"Dominion Energy,Dominion Energey,Dominon Energy,Dominon Energey"
"LyondellBasell Industries,LyondellBasell Industris,LyondelBasell Industries,LyondelBasell Industris"
"Shin-Etsu Chemical,Shin-Etsu Chemcal,Shin-Etu Chemical,Shin-Etu Chemcal"
"Investor AB,Investor A,Invstor AB,Invstor A"
"M&T Bank,M&T Bnk,M& Bank,M& Bnk"
"ORLEN Spolka Akcyjna,ORLEN Spolka Akcyna,ORLN Spolka Akcyjna,ORLN Spolka Akcyna"
"Arch Capital Group,Arch Capial Group,Arch Capitl Group,Arch Capitl Group"
"Synchrony Financial,Synchrony Financal,Syncrony Financial,Syncrony Financal"
"Fifth Third Bank,Fifth Third Bnk,Fith Third Bank,Fith Third Bnk"
"Becton Dickinson,Becton Dicknson,Bcton Dickinson,Bcton Dicknson"
"ENEOS Holdings,ENEOS Holdngs,ENOS Holdings,ENOS Holdngs"
"Hana Financial Group,Hana Financal Group,Hana Fnancial Group,Hana Fnancial Group"
"Posco,Poso,Psco,Psco"
"Tata Consultancy Services,Tata Consultancy Servics,Tat Consultancy Services,Tat Consultancy Servics"
"Schweizerische Nationalbank,Schweizerische Natonalbank,Schweizerische Natinalbank,Schweizerische Natinalbank"
"Prologis,Prologis,Prologs,Prologs"
"Wanhua Chemical Group,Wanhua Chemcal Group,Wnuhua Chemical Group,Wnuhua Chemcal Group"
"Oneok,Onok,Onek,Onek"
"Analog Devices,Analog Devics,Analg Devices,Analg Devics"
"Parker-Hannifin,Parker-Hanifin,Paker-Hannifin,Paker-Hanifin"
"Baoshan Iron & Steel,Baoshan Iron & Stel,Baoshan Irn & Steel,Baoshan Irn & Stel"
"ArcelorMittal,ArcelorMital,AcelorMittal,AcelorMital"
"Nomura,Nomra,Nomra,Nomra"
"Bank Of Shanghai,Bank Of Shnghai,Bnk Of Shanghai,Bnk Of Shnghai"
"American Tower,American Twer,Amercan Tower,Amercan Twer"
"Hewlett Packard Enterprise,Hewlett Packard Enterprse,Hewlet Packard Enterprise,Hewlet Packard Enterprse"
"Marriott International,Marriott Internatonal,Marrit International,Marrit Internatonal"
"Regeneron Pharmaceuticals,Regeneron Pharmaceutcals,Regneron Pharmaceuticals,Regneron Pharmaceutcals"
"Intuit,Intit,Intut,Intut"
"Sysco,Syco,Sysco,Syco"
"Daikin Industries,Daikin Industris,Dakin Industries,Dakin Industris"
"Veolia Environnement,Veolia Environmnt,Volia Environnement,Volia Environmnt"
"Bridgestone,Bridgestne,Bridgstone,Bridgstone"
"Cummins,Cumins,Cummns,Cummns"
"Michelin Group,Michelin Grup,Michelin Groop,Michelin Groop"
"Komatsu,Komats,Komatsu,Komats"
"Pfizer,Pfizr,Pfzer,Pfzer"
"CSL,CS,CSL,CS"
"Keurig Dr Pepper,Keurig Dr Peper,Keurig Dr Ppper,Keurig Dr Ppper"
"Canadian Pacific Kansas City,Canadian Pacifc Kansas City,Canadin Pacific Kansas City,Canadin Pacifc Kansas City"
"Bank of Baroda,Bank of Barod,Bnk of Baroda,Bnk of Barod"
"CTBC Financial Holding,CTBC Financal Holding,CTBC Financl Holding,CTBC Financl Holding"
"Kotak Mahindra Bank,Kotak Mahindr Bank,Kotk Mahindra Bank,Kotk Mahindr Bank"
"TC Energy,TC Energey,T Energy,T Energey"
"Carrier Global,Carrier Glbal,Carier Global,Carier Glbal"
"Aon,Ao,Aon,Ao"
"Herm¨¨s International,Hermes International,Hermes Internatonal,Hermes Internatonal"
"Mitsubishi Heavy Industries,Mitsubishi Hevy Industries,Mitsubshi Heavy Industries,Mitsubshi Hevy Industries"
"Infineon Technologies,Infineon Technolgies,Infneon Technologies,Infneon Technolgies"
"Heineken,Heneiken,Heinekn,Heneiken"
"Boeing,Boing,Boein,Boing"
"Grupo Mexico,Grupo Mexco,Grpo Mexico,Grpo Mexco"
"London Stock Exchange,Londn Stock Exchange,London Stck Exchange,Londn Stck Exchange"
"Sherwin-Williams,Sherwin-Wlliams,Sherwin-Willams,Sherwin-Wllams"
"Dollar General,Dolar General,Dollr General,Dollr General"
"Baker Hughes Company,Baker Hughs Company,Bakr Hughes Company,Bakr Hughs Company"
"CRRC,CRC,CRRC,CRC"
"Bank Central Asia,Bank Centrall Asia,Bnk Central Asia,Bnk Centrall Asia"
"Boston Scientific,Boston Scientfic,Bostn Scientific,Bostn Scientfic"
"Naturgy Energy Group,Naturgy Energy Grup,Natrgy Energy Group,Natrgy Energy Grup"
"Saudi Electricity,Sudi Electricity,Saudi Electrcity,Sudi Electrcity"
"Softbank,Sofbank,Softban,Sofban"
"Wilmar International,Wilmar Internatonal,Wilmr International,Wilmr Internatonal"
"China Vanke,China Vnke,Chna Vanke,Chna Vnke"
"Maybank,Mybank,Maybnk,Mybnk"
"Hyundai Mobis,Hyundai Mobis,Hyundal Mobis,Hyundal Mobis"
"General Mills,General Mils,Generl Mills,Generl Mils"
"Canon,Cann,Canon,Cann"
"Consolidated Edison,Consolidated Edson,Consolidated Edisn,Consolidated Edisn"
"Kansai Electric Power,Kansai Electrc Power,Kansai Elecric Power,Kansai Elecric Power"
"Danone,Danon,Dnone,Dnone"
"BT Group,BT Grup,BT Groop,BT Groop"
"Bharti Airtel,Bharti Airtrl,Bharti Artel,Bharti Airtrl"
"Etisalat,Etislat,Etisalt,Etislat"
"OMV Group,OMV Grup,OMV Groop,OMV Groop"
"Fast Retailing,Fast Retailling,Fst Retailing,Fst Retailling"
"Carrefour,Carrefor,Carrefur,Carrefor"
"NetEase,NetEas,NetEase,NetEas"
"Compass Group,Compass Grup,Compas Group,Compas Grup"
"Principal Financial Group,Principal Financal Group,Principal Financl Group,Principal Financl Group"
"BCE,BC,BCE,BC"
"Prudential,Prudntial,Prudetial,Prudetial"
"Suzuki Motor,Suzuki Mtor,Suzki Motor,Suzki Mtor"
"FirstRand,FirstRand,FirstRad,FirstRad"
"Sun Hung Kai Properties,Sun Hung Kai Proprties,Sun Hung Kai Properties,Sun Hung Kai Proprties"
"Recruit Holdings,Recruit Holdngs,Rcruit Holdings,Rcruit Holdngs"
"Williams,Wiliams,Willams,Wiliams"
"Xcel Energy,Xcl Energy,Xcel Energey,Xcl Energey"
"Coal India,Col India,Coal Inda,Col Inda"
"Kuwait Finance House,Kuwait Finace House,Kwait Finance House,Kwait Finace House"
"Raymond James Financial,Raymond James Financal,Raymond Jmes Financial,Raymond Jmes Financal"
"Reckitt Benckiser Group,Reckitt Benckiser Grup,Reckit Benckiser Group,Reckit Benckiser Grup"
"China Coal Energy,China Coal Energey,Chna Coal Energy,Chna Coal Energey"
"Samsung C&T,Samsung C T,Samsng C&T,Samsng C T"
"Longfor Group Holdings,Longfor Group Holdngs,Longfor Grup Holdings,Longfor Grup Holdngs"
"Blackstone,Blakstone,Blckstone,Blckstone"
"Daiwa House Industry,Daiwa House Indstry,Dawa House Industry,Dawa House Indstry"
"Shaanxi Coal Industry,Shaanxi Coal Indstry,Shaani Coal Industry,Shaani Coal Indstry"
"China Merchants Shekou Industrial Zone Holdings,China Merchants Shekou Indstrial Zone Holdings,Chna Merchants Shekou Industrial Zone Holdings,Chna Merchants Shekou Indstrial Zone Holdings"
"Mitsui Fudosan,Mitsui Fudsan,Mitsui Fudosn,Mitsui Fudsan"
"Henkel,Hnkel,Henkl,Hnkel"
"Imperial Brands,Imperial Brnds,Imprial Brands,Imprial Brnds"
"Truist Financial,Truist Financal,Truist Financl,Truist Financl"
"L3Harris Technologies,L3Haris Technologies,L3Hrris Technologies,L3Hrris Technologies"
"Air Products & Chemicals,Air Products & Chemcals,Air Product & Chemicals,Air Product & Chemcals"
"Woodside Energy Group,Woodsid Energy Group,Woodside Energey Group,Woodsid Energey Group"
"Capgemini,Capgmini,Capgemni,Capgmini"
"NN Group,NN Grup,NN Groop,NN Groop"
"Legal & General Group,Legal & Genral Group,Legl & General Group,Legl & Genral Group"
"Republic Services,Republic Servics,Repblic Services,Repblic Servics"
"Halliburton,Hallibrton,Halliburtn,Halliburtn"
"Bouygues,Bouyges,Bouygues,Bouyges"
"Pernod Ricard,Pernod Ricrd,Perod Ricard,Perod Ricrd"
"Bristol Myers Squibb,Bristol Myrs Squibb,Bristol Myer Squibb,Bristol Myrs Squibb"
"Coca-Cola Europacific Partners,Coca-Cola Europcific Partners,Coca-Cola Europacfic Partners,Coca-Cola Europcific Partners"
"Yankuang Energy Group,Yankuang Energy Grup,Ynkuang Energy Group,Ynkuang Energy Grup"
"Markel,Markl,Markl,Markl"
"Huntington Bank,Huntington Bnk,Huntngton Bank,Huntngton Bnk"
"Tokyo Electric Power,Tokyo Eletric Power,Tokyo Electrc Power,Tokyo Electrc Power"
"CME Group,CME Grup,CM Group,CM Grup"
"STMicroelectronics,STMicroelectrnics,STMicroelectonics,STMicroelectonics"
"Swiss Life Holding,Swiss Life Holdng,Swis Life Holding,Swis Life Holdng"
"Edison International,Edison Internatonal,Edisn International,Edisn Internatonal"
"GE HealthCare Technologies,GE HealthCare Technolgies,GE HelthCare Technologies,GE HelthCare Technolgies"
"Thales,Thals,Thales,Thals"
"Canara Bank,Canara Bnk,Canra Bank,Canra Bnk"
"Isbank,Isbnk,Isbak,Isbak"
"Nutrien,Nutrin,Nutrien,Nutrin"
"British American Tobacco,British Amercan Tobacco,British Amercan Tobaco,British Amercan Tobaco"
"East Japan Railway,East Japan Railwy,Est Japan Railway,Est Japan Railwy"
"Central Japan Railway,Central Japan Railwy,Cntral Japan Railway,Cntral Japan Railwy"
"Bank of Nanjing,Bank of Nanjng,Bnk of Nanjing,Bnk of Nanjng"
"TE Connectivity,TE Conectivity,T Connectivity,T Conectivity"
"Power Finance,Power Fnance,Pwer Finance,Pwer Fnance"
"Royal Caribbean Group,Royal Caribben Group,Royal Caribbn Group,Royal Caribbn Group"
"HeidelbergCement,HeidelbergCemnt,HeidelbrgCement,HeidelbrgCemnt"
"AirBnB,AirBBn,ArBnB,ArBBn"
"Bharat Petroleum,Bharat Petrolum,Bhart Petroleum,Bhart Petrolum"
"LG Chem,LG Che,LG Cem,LG Che"
"Turkish Airlines,Turkish Airlnes,Turksh Airlines,Turksh Airlnes"
"Wuliangye Yibin,Wuliangye Ybn,Wuliangy Yibin,Wuliangy Ybn"
"Subaru Corporation,Subaru Corporatin,Subru Corporation,Subru Corporatin"
"Weichai Power,Wechai Power,Weicha Power,Wecha Power"
"Luxshare Precision Industry,Luxshare Precison Industry,Luxshre Precision Industry,Luxshre Precison Industry"
"Atlas Copco,Atls Copco,Atas Copco,Atas Copco"
"United Rentals,United Rentls,Unted Rentals,Unted Rentls"
"CNH Industrial,CNH Indstrial,CNH Industral,CNH Indstral"
"Loews,Lows,Loes,Loes"
"Entergy,Entergy,Entergey,Entergey"
"Quanta Computer,Quanta Comuter,Qunta Computer,Qunta Comuter"
"BASF,BSF,BASF,BSF"
"NXP Semiconductors,NXP Semiconductors,NXP Semicnductors,NXP Semicnductors"
"Lam Research,Lam Resarch,Lm Research,Lm Resarch"
"Vertex Pharmaceuticals,Vertex Pharmceuticals,Vertex Pharmaceutcals,Vertex Pharmceuticals"
"Citizens Financial Group,Citizens Financal Group,Citzens Financial Group,Citzens Financal Group"
"Xiamen C&D,Xiamen CD,Ximen C&D,Ximen CD"
"S.F. Holding,S.F. Hlding,S.F. Hodling,S.F. Hlding"
"Norfolk Southern,Norfolk Sothern,Nrfolk Southern,Nrfolk Sothern"
"Deutsche Boerse,Deutsche Borse,Deutsche Brose,Deutsche Borse"
"Intact Financial,Intact Financal,Intct Financial,Intct Financal"
"Fujifilm Holdings,Fujiflm Holdings,Fujifil Holdings,Fujifil Holdings"
"Everest Re Group,Everst Re Group,Everest R Group,Everst R Group"
"OTP Bank,OT Bank,OTP Bnk,OT Bnk"
"Trane Technologies,Trane Technolgies,Trne Technologies,Trne Technolgies"
"Inpex,Inpe,Inpex,Inpe"
"Wesfarmers,Wesfrmers,Wesfarmer,Wesfrmer"
"Colgate-Palmolive,Colgate-Palmoliv,Colgte-Palmolive,Colgte-Palmoliv"
"Samsung Life Insurance,Samsung Lfe Insurance,Samsng Life Insurance,Samsng Lfe Insurance"
"Haleon,Hleon,Haleon,Hleon"
"Infosys,Infosys,Infosy,Infosy"
"Devon Energy,Devon Energey,Dvon Energy,Dvon Energey"
"Punjab National Bank,Punjab Natinal Bank,Pnjab National Bank,Pnjab Natinal Bank"
"Publicis Groupe,Publicis Grup,Publcis Groupe,Publcis Grup"
"MediaTek,MediaTe,MediaTek,MediaTe"
"SK Hynix,SK Hynx,SK Hynx,SK Hynx"
"Gilead Sciences,Gilead Scinces,Gilead Scieces,Gilead Scinces"
"Union Bank of India,Union Bnk of India,Unin Bank of India,Unin Bnk of India"
"Abu Dhabi Commercial Bank,Abu Dhabi Commerial Bank,Abu Dabi Commercial Bank,Abu Dabi Commerial Bank"
"Gallagher,Gallaghr,Gallaghr,Gallaghr"
"International Airlines,International Airlnes,Internatonal Airlines,Internatonal Airlnes"
"Fujitsu,Fuitsu,Fujtsu,Fujtsu"
"Public Service Enterprise Group,Public Service Enterprse Group,Publc Service Enterprise Group,Publc Service Enterprse Group"
"Aptiv,Aptv,Aptiv,Aptv"
"Bayer,Bayr,Bayer,Bayr"
"China Zheshang Bank,China Zheshng Bank,Chna Zheshang Bank,Chna Zheshng Bank"
"George Weston,Georg Weston,George Wston,Georg Wston"
"Cardinal Health,Cardinal Helth,Cardnl Health,Cardnl Helth"
"Kubota,Kubta,Kubota,Kubta"
"Regions Financial,Regions Financal,Regins Financial,Regins Financal"
"Bunge,Bung,Bunge,Bung"
"Equitable Holdings,Equitble Holdings,Equtable Holdings,Equtable Holdings"
"China National Nuclear Power,China Natinal Nuclear Power,Chna National Nuclear Power,Chna Natinal Nuclear Power"
"Bajaj Finserv,Bajaj Finser,Bajaj Fiserv,Bajaj Fiserv"
"Mahindra & Mahindra,Mahindra Mahindra,Mahindra Mahindra,Mahindra Mahindra"
"Nintendo,Nintndo,Nintedo,Nintndo"
"Kenvue,Kenvu,Kenvue,Kenvu"
"National Bank of Kuwait,Natonal Bank of Kuwait,National Bnk of Kuwait,Natonal Bnk of Kuwait"
"Barrick Gold,Barrick Gld,Brrick Gold,Brrick Gld"
"Coinbase,Coinbse,Coinbase,Coinbse"
"Ecolab,Ecolb,Ecolab,Ecolb"
"AutoZone,AutoZne,Autoone,Autoone"
"Illinois Tool Works,Illinois Tool Work,Ilinois Tool Works,Ilinois Tool Work"
"DSV,DS,DV,DV"
"Standard Bank Group,Standard Bnk Group,Stndard Bank Group,Stndard Bnk Group"
"Associated British Foods,Associated Britsh Foods,Assoiated British Foods,Assoiated Britsh Foods"
"Lenovo Group,Lenovo Grup,Lenvo Group,Lenvo Grup"
"Northern Trust,Nortern Trust,Northern Trst,Nortern Trst"
"Reinsurance Group of America,Reinsurance Group of Ameria,Reinsurace Group of America,Reinsurace Group of Ameria"
"Nokia,Noka,Nokia,Noka"
"PKO Bank Polski,PKO Bank Polki,PK Bank Polski,PK Bank Polki"
"Ferguson,Fergson,Fergusn,Fergusn"
"Grupa PZU,Grupa PZ,Grpa PZU,Grpa PZ"
"IQVIA,IQVA,IQIA,IQIA"
"Woori Financial Group,Woori Financal Group,Wri Financial Group,Wri Financal Group"
"Edp-energias De Portugal,Edp-energias D Portugal,Edp-eneegias De Portugal,Edp-eneegias D Portugal"
"Hess,Hes,Hess,Hes"
"Naspers,Napers,Naspers,Napers"
"Swire Pacific,Swire Pafic,Swre Pacific,Swre Pafic"
"Kimberly-Clark,Kimberly-Clrk,Kimberly-Clak,Kimberly-Clak"
"China Tower Corp.,China Tower Cor.,Chna Tower Corp.,Chna Tower Cor."
"SingTel,SingTl,SngTel,SngTl"
"Chubu Electric Power,Chubu Elecric Power,Chbu Electric Power,Chbu Elecric Power"
"CMOC Group,CMOC Grup,CMOC Groop,CMOC Groop"
"Hengli Petrochemical,Hengli Petrochmical,Hngli Petrochemical,Hngli Petrochmical"
"QBE Insurance Group,QBE Insurnce Group,QE Insurance Group,QE Insurnce Group"
"Riyad Bank,Riyd Bank,Riyad Bnk,Riyd Bnk"
"Sinopharm Group,Sinopharm Grup,Sinopham Group,Sinopham Grup"
"Telef¨®nica,Telefonica,Telef¨®nica,Telefonica"
"Telstra,Telstr,Telsta,Telsta"
"Cognizant,Cogniznt,Cognzant,Cognzant"
"3M,M,M,M"
"Industrial Bank of Korea,Industrial Bank of Krea,Industral Bank of Korea,Industral Bank of Krea"
"NRG Energy,NRG Energey,NG Energy,NG Energey"
"CBRE Group,CBRE Grup,CRE Group,CRE Grup"
"Tokyo Electron,Tokyo Electrn,Toky Electron,Toky Electrn"
"Metallurgical Corp of China,Metallurgical Corp f China,Metalurgical Corp of China,Metalurgical Corp f China"
"Bank Of Hangzhou,Bank Of Hanghou,Bnk Of Hangzhou,Bnk Of Hanghou"
"CEZ Group,CE Grup,CEZ Groop,CE Groop"
"Micron Technology,Micron Technolgy,Micrn Technology,Micrn Technolgy"
"China Energy Engineering,China Energy Enginering,Chna Energy Engineering,Chna Energy Enginering"
"AerCap Holdings,AerCap Hldings,AerCp Holdings,AerCp Hldings"
"CGN Power,CG Power,CN Power,CN Power"
"Swisscom,Swiscom,Swisscm,Swisscm"
"Diamondback Energy,Diamondbck Energy,Diamndback Energy,Diamndbck Energy"
"New China Life Insurance,New China Lfe Insurance,New Chna Life Insurance,New Chna Lfe Insurance"
"JSW Steel,JSW Stel,JS Stel,JS Stel"
"RELX,RLX,REL,RLX"
"Raiffeisen Bank International,Raiffeisen Bnk International,Raffeisen Bank International,Raffeisen Bnk International"
"Asahi Group Holdings,Asahi Group Holdngs,Asah Group Holdings,Asah Group Holdngs"
"Bank Leumi,Bank L"
"Bank Leumi,Bnk Leumi,Bank Lumi,Bnk Lumi"
"DTE Energy,DTE Energey,DTE Enrgy,DTE Energe"
"Centrica,Centrica,Centrca,Centrica"
"Nu Holdings,N Holdings,Nu Holdngs,N Holdngs"
"Albertsons,Albertsons,Albertson,Albertson"
"Ally Financial,Aly Financial,Ally Financal,Aly Financal"
"Anglo American,Anglo Amrican,Anglo Americn,Anglo Amricn"
"GD Power Development,GD Power Develoment,GD Pwer Development,GD Pwer Develoment"
"FirstEnergy,FirstEnergey,FrstEnergy,FrstEnergey"
"PPG,PGG,PP,G"
"Bank Hapoalim,Bank Hapolim,Bnk Hapoalim,Bnk Hapolim"
"Tenet Healthcare,Tnet Healthcare,Tenet Helthcare,Tnet Helthcare"
"Ross Stores,Ros Stores,Ross Stors,Ros Stors"
"Global Payments,Global Paymnts,Globl Payments,Globl Paymnts"
"MercadoLibre,MercdoLibre,MercadoLibr,MercdoLibr"
"Anhui Conch Cement,Anhui Conch Cment,Anui Conch Cement,Anui Conch Cment"
"Deutsche Lufthansa,Deutsche Lufthasa,Deutshe Lufthansa,Deutshe Lufthasa"
"Akbank,Akbnk,Akbak,Akbnk"
"Inner Mongolia Yili,Inner Mongolia Yli,Iner Mongolia Yili,Iner Mongolia Yli"
"Teck Resources,Teck Resoures,Teck Resorces,Teck Resoures"
"Amphenol,Amphenl,Aphenol,Aphenl"
"Magna International,Magna Interntional,Magn International,Magn Interntional"
"Great Wall Motor,Great Wal Motor,Gret Wall Motor,Gret Wal Motor"
"Jardine Matheson,Jardine Mathson,Jardne Matheson,Jardne Mathson"
"Warner Bros. Discovery,Warner Bros. Disovery,Warner Bros. Dscovery,Warner Bros. Disovery"
"CIMB Group Holdings,CIMB Group Holdngs,CIMB Grup Holdings,CIMB Grup Holdngs"
"O'Reilly Automotive,O'Reily Automotive,O'Reilly Automtive,O'Reily Automtive"
"Asr Nederland,Asr Nederlnd,Asr Nderland,Asr Nderlnd"
"Daiichi Sankyo,Daiichi Sanky,Dichi Sankyo,Dichi Sanky"
"Tenaris,Tenris,Tnaris,Tnris"
"Constellation Brands,Constellation Brnds,Constelation Brands,Constelation Brnds"
"GE Vernova,GE Vernva,GE Verova,GE Verova"
"Continental,Continental,Contnental,Contnental"
"Samsung SDI,Samsung SD,Samsng SDI,Samsng SD"
"Huaneng Power International,Huaneng Power Internatonal,Huaneng Pwer International,Huaneng Pwer Internatonal"
"Hindalco Industries,Hindalco Indstries,Hindalco Industris,Hindalco Indstris"
"Banco de Sabadell,Banco de Sabadll,Banco de Sabadel,Banco de Sabadll"
"Bank of Ireland,Bank of Irland,Bnk of Ireland,Bnk of Irland"
"Aeon,Aeon,Aeon,Aeon"
"Sumitomo Mitsui Trust,Sumitomo Mitsi Trust,Sumitomo Mitsu Trust,Sumitomo Mitsi Trust"
"Walgreens Boots Alliance,Walgreens Boots Alance,Walgreens Boots Allance,Walgreens Boots Alance"
"NEC,NE,NC,NC"
"Idemitsu Kosan,Idemitsu Ksan,Idemitsu Kosn,Idemitsu Ksan"
"Vistra Energy,Vstra Energy,Vistra Energey,Vstra Energey"
"W. R. Berkley,W. R. Berkly,W. R. Berkle,W. R. Berkly"
"Corteva,Cortva,Cortev,Cortva"
"Lincoln National,Lincoln Natonal,Linclon National,Linclon Natonal"
"WEC Energy Group,WEC Energy Grup,WEC Energey Group,WEC Energey Grup"
"Singapore Airlines,Singapore Airlnes,Singapore Airines,Singapore Airlnes"
"Hikvision,Hikvisin,Hikvison,Hikvisin"
"Mitsubishi Estate,Mitsubshi Estate,Mitsubshi Estat,Mitsubshi Estat"
"Coupang,Coupng,Copang,Copng"
"Li Auto,L Auto,Li Ato,L Ato"
"ServiceNow,ServiceNow,ServiceNo,ServiceNo"
"Samsung Fire & Marine,Samsung Fire Marine,Samsng Fire & Marine,Samsng Fire Marine"
"China Hongqiao Group,China Hongqio Group,Chna Hongqiao Group,Chna Hongqio Group"
"Cincinnati Financial,Cincinnati Financal,Cincinnat Financial,Cincinnat Financal"
"KeyCorp,KeyCrp,KeyCor,KeyCrp"
"Block,Blck,Blok,Blck"
"PulteGroup,PulteGrup,PulteGrop,PulteGrop"
"Saudi British Bank,Sudi British Bank,Sudi Britsh Bank,Sudi Britsh Bank"
"JFE Holdings,JFE Holdngs,JF Holdings,JF Holdngs"
"Korea Electric Power,Korea Electric Pwer,Krea Electric Power,Krea Electric Pwer"
"Banco BPM,Banco BP,Bnco BPM,Bnco BP"
"Omnicom Group,Omnicom Grup,Omncom Group,Omncom Grup"
"EnBW Energie Baden-Wurttemberg,EnBW Energie Baden-Wurtemberg,EnBW Enrgie Baden-Wurttemberg,EnBW Enrgie Baden-Wurtemberg"
"ACS Actividades de Construccion y Servicios,ACS Actividades de Construcion y Servicios,ACS Actividades de Constuccion y Servicios,ACS Actividades de Construcion y Servicios"
"WW Grainger,WW Grainger,WW Granger,WW Granger"
"BOE Technology Group,BOE Technology Grup,BOE Technlogy Group,BOE Technlogy Grup"
"Equinix,Equinx,Equnix,Equnix"
"Nippon Yusen,Nippon Yusn,Nipon Yusen,Nipon Yusn"
"Emaar Properties,Emaar Proprties,Emar Properties,Emar Proprties"
"Kuehne & Nagel International,Kuehne Nagel International,Kuhne & Nagel International,Kuhne Nagel International"
"KLA,KLA,KLA,KLA"
"Porsche Automobil Holding,Porsche Automobl Holding,Porsche Automobil Hlding,Porsche Automobl Hlding"
"Crown Castle International,Crown Castle Internatonal,Crown Castl International,Crown Castl Internatonal"
"Eiffage,Eifage,Eiffge,Eiffge"
"Sekisui House,Sekisu House,Sekisui Hous,Sekisu Hous"
"Las Vegas Sands,Las Vegas Snds,Ls Vegas Sands,Ls Vegas Snds"
"Alcon,Alcn,Alcon,Alcn"
"VICI Properties,VICI Proprties,VICI Propirties,VICI Propirties"
"Simon Property Group,Simon Proprty Group,Smon Property Group,Smon Proprty Group"
"Genuine Parts,Genine Parts,Genune Parts,Genune Parts"
"Renesas Electronics,Renesas Electroncs,Renes Electronics,Renes Electroncs"
"Verbund,Verbund,Vrund,Vrund"
"China Resources Power,China Resoures Power,Chna Resources Power,Chna Resoures Power"
"Fidelity National Financial,Fidelity National Financal,Fidlity National Financial,Fidlity National Financal"
"eBay,eBy,eay,eay"
"Volvo Car,Volvo Cr,Volvo Ca,Volvo Ca"
"LG Electronics,LG Electronic,LG Electroncs,LG Electroncs"
"Emerson Electric,Emerson Elecric,Emrson Electric,Emrson Elecric"
"Palo Alto Networks,Palo Alto Netwoks,Plo Alto Networks,Plo Alto Netwoks"
"Assa Abloy,Ass Abl,Asa Abloy,Asa Abloy"
"Keyence,Keynce,Keynce,Keynce"
"Sumitomo Electric,Sumitomo Electic,Sumitmo Electric,Sumitmo Electic"
"Siemens Energy,Siemens Enrgy,Siemens Enrgey,Siemens Enrgy"
"Steel Dynamics,Steel Dynmics,Stel Dynamics,Stel Dynmics"
"Grasim Industries,Grasm Industries,Grasim Indstries,Grasm Indstries"
"Aluminum Corp of China,Aluminum Corp f China,Alumium Corp of China,Alumium Corp f China"
"Ashtead Group,Ashtead Grup,Ashted Group,Ashted Grup"
"Sika,Sik,Sika,Sik"
"Huatai Securities,Huati Securities,Huati Scurities,Huati Scurities"
"AIB Group,AIB Grup,AIB Grop,AIB Grop"
"Meritz Financial Group,Meritz Financal Group,Meritz Financil Group,Meritz Financil Group"
"Hong Kong Exchanges,Hong Kong Exchnges,Hong Kng Exchanges,Hong Kng Exchnges"
"Fortis,Fotis,Fotis,Fotis"
"Targa Resources,Targa Resoures,Trga Resources,Trga Resoures"
"Ryanair Holdings,Rynair Holdings,Ryanair Holdngs,Rynair Holdngs"
"3i Group,3 Group,3i Grup,3 Grup"
"Roper Technologies,Ropr Technologies,Roper Technlogies,Ropr Technlogies"
"VakifBank,VakfBank,VakifBnank,VakfBnank"
"Chongqing Changan Auto,Chongqing Changn Auto,Chongqing Changan Ato,Chongqing Changn Ato"
"MGM Resorts,MGM Resrts,MGM Rsorts,MGM Resrts"
"RenaissanceRe Holdings,RenaissanceRe Holdngs,RnaissanceRe Holdings,RnaissanceRe Holdngs"
"Huishang Bank,Huishng Bank,Huishang Bnk,Huishng Bnk"
"HCLTech,HCLTch,HCLTeh,HCLTch"
"Molina Healthcare,Molina Helthcare,Mlina Healthcare,Mlina Helthcare"
"Neste,Nste,Neste,Nste"
"Thomson Reuters,Thomson Reutes,Thomson Reutrs,Thomson Reutes"
"Aegon,Aegon,Aegon,Aegon"
"Bancolombia,Bncolombia,Bancolmbia,Bncolmbia"
"ASE Technology Holding,ASE Technlogy Holding,ASE Technology Hlding,ASE Technlogy Hlding"
"Rongsheng Petrochemical,Rongsheng Petochemical,Rongshng Petrochemical,Rongshng Petochemical"
"Resona Holdings,Resona Holdngs,Reson Holdings,Reson Holdngs"
"Jabil Circuit,Jbil Circuit,Jabil Circut,Jbil Circut"
"Grupo Inbursa,Grupo Inbrsa,Grpo Inbursa,Grpo Inbrsa"
"Biogen,Biogen,Biogen,Biogen"
"Daqin Railway,Daqin Railwy,Daqn Railway,Daqn Railwy"
"The Est¨¦e Lauder Companies,The Estee Lauder Companies,The Este Lauder Companies,The Este Lauder Companies"
"Suncorp Group,Sncorp Group,Suncop Group,Sncop Group"
"SSE,SE,SS,SE"
"Murata Manufacturing,Murata Manufactring,Murat Manufacturing,Murat Manufactring"
"Celanese,Celanese,Celnese,Celnese"
"TransDigm Group,TransDigm Grup,TransDgm Group,TransDgm Grup"
"Beijing-Shanghai High-Speed Railway,Beijing-Shanghai High-Speed Railay,Beijing-Shanghai Hgh-Speed Railway,Beijing-Shanghai Hgh-Speed Railay"
"Newmont,Newmont,Newmnt,Newmnt"
"Tyson Foods,Tson Foods,Tyson Fods,Tson Fods"
"Ageas,Agas,Ageas,Agas"
"Nidec,Nide,Nidc,Nidc"
"Zoetis,Zoets,Zoetis,Zoets"
"CK Asset Holdings,CK Asset Holdngs,CK Aset Holdings,CK Aset Holdngs"
"H&M - Hennes & Mauritz,H&M - Hennes Mauritz,H&M - Hnes & Mauritz,H&M - Hnes Mauritz"
"Public Bank,Pblic Bank,Public Bnk,Pblic Bnk"
"TELUS,TELUS,TELUS,TELUS"
"Sampo,Smpo,Sampo,Smpo"
"Best Buy,Bst Buy,Best uy,Bst uy"
"Galp Energia,Galp Energa,Glap Energia,Glap Energa"
"Shanghai Rural Commercial Bank,Shanghai Rural Commercal Bank,Shangai Rural Commercial Bank,Shangai Rural Commercal Bank"
"WTW,WT,WW,WW"
"Intuitive Surgical,Intutive Surgical,Intuive Surgical,Intuive Surgical"
"Otsuka Holding,Otska Holding,Otsuka Hlding,Otska Hlding"
"Unum Group,Unm Group,Unum Grup,Unm Grup"
"Universal Music Group,Universal Music Grup,Unversal Music Group,Unversal Music Grup"
"The Hershey Company,The Hershy Company,The Hershey Compny,The Hershy Compny"
"Otis Worldwide,Otis Worldwde,Ots Worldwide,Ots Worldwde"
"Digital Realty Trust,Digital Realty Trst,Digial Realty Trust,Digial Realty Trst"
"Quanta Services,Quant Services,Quanta Srvices,Quant Srvices"
"SM Investments,SM Investmnts,SM Invstments,SM Invstmnts"
"CDW,CW,CD,CW"
"Grupo Bimbo,Grupo Bmbo,Grpo Bimbo,Grpo Bmbo"
"Realty Income,Realty Inome,Ralty Income,Ralty Inome"
"ITC,IC,IT,IC"
"ZTE,ZE,ZT,ZE"
"T&D Holdings,T&D Holdngs,T& Holdings,T& Holdngs"
"Essity,Essity,Essity,Essity"
"Fox,Fox,Fox,Fox"
"Alinma Bank,Alinma Bnk,Alnma Bank,Alnma Bnk"
"Joint Stock Commercial Bank for Foreign Trade of Vietnam,Joint Stock Commercal Bank for Foreign Trade of Vietnam,Jont Stock Commercial Bank for Foreign Trade of Vietnam,Jont Stock Commercal Bank for Foreign Trade of Vietnam"
"Mega Financial Holding,Mega Financal Holding,Mega Financial Hlding,Mega Financal Hlding"
"HF Sinclair,HF Sinclir,HF Sinclai,HF Sinclir"
"American Airlines Group,American Airlines Grup,Amrican Airlines Group,Amrican Airlines Grup"
"Carnival Corporation,Carnival Corporaton,Carnval Corporation,Carnval Corporaton"
"MTR,MTR,MTR,MTR"
"Trip.com Group,Trip.cm Group,Trip.com Grup,Trip.cm Grup"
"Unipol Gruppo,Unipl Gruppo,Unipol Grppo,Unipl Grppo"
"BPER Banca,BPER Bnca,BER Banca,BER Bnca"
"Hilton Worldwide Holdings,Hilton Worldwide Holdngs,Hilton Worldwde Holdings,Hilton Worldwde Holdngs"
"Chipotle Mexican Grill,Chipotle Mexcan Grill,Chipotle Mexican Gril,Chipotle Mexcan Gril"
"Power Grid of India,Pwer Grid of India,Power Grid of Inda,Pwer Grid of Inda"
"Mapfre,Mapre,Mafre,Mafre"
"Fresenius,Fresnius,Fresenius,Fresnius"
"CLP Holdings,CLP Holdngs,CP Holdings,CP Holdngs"
"JBS,JBS,JS,JS"
"Mitsubishi UFJ Lease,Mitsubishi UFJ Lase,Mitsubshi UFJ Lease,Mitsubshi UFJ Lase"
"Geely Automobile Holdings,Geely Automoble Holdings,Geely Autmobile Holdings,Geely Autmobile Holdings"
"Kasikornbank,Kasikornbnk,Kaskornbank,Kaskornbnk"
"Tata Steel,Tta Steel,Tata Stel,Tta Stel"
"Leonardo,Leonrdo,Leonard,Leonrd"
"Ameren,Amren,Amern,Amren"
"CenterPoint Energy,CenterPoint Energey,CnterPoint Energy,CnterPoint Energey"
"Cintas,Cints,Citas,Citas"
"Daiwa Securities,Daiwa Scurities,Dawa Securities,Dawa Scurities"
"Rogers Communications,Rogers Communicatons,Rogers Commnications,Rogers Commnicatons"
"China Taiping Insurance,China Taiping Insurnce,China Taipng Insurance,China Taipng Insurnce"
"Microchip Technology,Microchip Technlogy,Microchp Technology,Microchp Technlogy"
"Motorola Solutions,Motorola Solutons,Motorla Solutions,Motorla Solutons"
"TD SYNNEX,TD SYNEX,TD SYNEX,TD SYNEX"
"Builders FirstSource,Builders FrstSource,Buildrs FirstSource,Buildrs FrstSource"
"Tohoku Electric Power,Tohoku Electric Pwer,Tohku Electric Power,Tohku Electric Pwer"
"Corning,Cornng,Corning,Cornng"
"Credicorp,Credicrp,Credicrp,Credicrp"
"Eletrobras,Eletrobrs,Electrobras,Electrobrs"
"SK,S,S,S"
"Kuaishou Technology,Kuaishou Technlogy,Kuaishou Technolgy,Kuaishou Technolgy"
"Mitsui OSK Lines,Mitsui OSK Lnes,Mitsui SK Lines,Mitsui SK Lnes"
"Mazda Motor,Mazda Mtor,Mada Motor,Mada Mtor"
"Sandvik,Sandvk,Sndvik,Sndvk"
"Super Micro Computer,Super Miro Computer,Supr Micro Computer,Supr Miro Computer"
"Tractor Supply,Trctor Supply,Tractor Suply,Trctor Suply"
"TDK,TDK,TD,TD"
"Flex,Fle,Fle,Fle"
"Woolworths,Woolwoths,Woolworth,Woolwoth"
"Southwest Airlines,Southwest Airlnes,Southwest Airines,Southwest Airlnes"
"Jiangxi Copper,Jiangxi Coper,Jiagxi Copper,Jiagxi Coper"
"HAL Trust,HAL Trst,HL Trust,HL Trst"
"Philips,Philips,Phlips,Phlips"
"PPL,PL,PPL,PL"
"Workday,Workay,Worday,Worday"
"Tenaga Nasional,Tenaga Nasionl,Tenga Nasional,Tenga Nasionl"
"Public Storage,Public Storag,Pblic Storage,Pblic Storag"
"Mitsubishi Chemical,Mitsubishi Chemcal,Mitsubshi Chemical,Mitsubshi Chemcal"
"Mediobanca,Mediobnca,Mediobanca,Mediobnca"
"Lululemon Athletica,Lululemon Athetica,Lulemon Athletica,Lulemon Athetica"
"Interactive Brokers Group,Interctive Brokers Group,Interactive Brokrs Group,Interctive Brokrs Group"
"Longi Green Energy Technology,Longi Green Energy Technlogy,Long Green Energy Technology,Long Green Energy Technlogy"
"Kyocera,Kyocra,Kycera,Kycra"
"CP All,C All,CP Al,C Al"
"Absa Group,Absa Grup,Absa Grp,Absa Grup"
"Jackson Financial,Jackson Financal,Jckson Financial,Jckson Financal"
"Sabanci Holding,Sabanci Holdng,Sabnci Holding,Sabnci Holdng"
"Henderson Land,Henderson Lnd,Hnderson Land,Hnderson Lnd"
"BDO Unibank,BDO Unibnk,BD Unibank,BD Unibnk"
"Chongqing Rural Bank,Chongqing Rurl Bank,Chongqng Rural Bank,Chongqng Rurl Bank"
"TCL,TL,TC,TL"
"NASDAQ,NASDAQ,NASDQ,NASDQ"
"Isuzu Motors,Isuzu Mtors,Iszu Motors,Iszu Mtors"
"Phoenix Group Holdings,Phoenix Grup Holdings,Phoenx Group Holdings,Phoenx Grup Holdings"
"SDIC Power Holdings,SDIC Power Holdngs,SDC Power Holdings,SDC Power Holdngs"
"Sumitomo Realty,Sumitomo Ralty,Smitomo Realty,Smitomo Ralty"
"Quinenco,Quinco,Quienco,Quienco"
"Mizrahi Tefahot Bank,Mizrahi Tefhot Bank,Mizahi Tefahot Bank,Mizahi Tefhot Bank"
"Evergreen Marine Corp.,Evergren Marine Corp.,Evergreen Mrine Corp.,Evergren Mrine Corp."
"Greenland Holdings Group,Greenland Holdings Grup,Greenlad Holdings Group,Greenlad Holdings Grup"
"Adidas,Adias,Adids,Adids"
"Banca MPS,Banca MS,Bnca MPS,Bnca MS"
"Ford Otosan,Ford Otoan,Fod Otosan,Fod Otoan"
"Sichuan Road & Bridge,Sichan Road & Bridge,Sichuan Rod & Bridge,Sichan Rod & Bridge"
"East Money Information,East Money Informtion,East Mney Information,East Mney Informtion"
"Aisin Seiki,Aisin Seki,Aisn Seiki,Aisn Seki"
"Guotai Junan Securities,Guotai Junan Scurities,Guotai Junan Seurities,Guotai Junan Seurites"
"Commercial Bank For Investment & Development Of Vietnam,Commercial Bank For Investmnt & Development Of Vietnam,Commercal Bank For Investment & Development Of Vietnam,Commercal Bank For Investmnt & Development Of Vietnam"
"Dubai Islamic Bank,Dubai Islamic Bnk,Dubi Islamic Bank,Dubi Islamic Bnk"
"Arista Networks,Arista Netwoks,Arista Netwrks,Arista Netwoks"
"IndusInd Bank,IndusInd Bnk,IndsInd Bank,IndsInd Bnk"
"Westinghouse Air Brake Technologies,Westinghouse Air Brke Technologies,Westinghouse Air Brke Technolgies,Westinghouse Air Brke Technolgies"
"Monster Beverage,Monstr Beverage,Monster Beverge,Monstr Beverge"
"Jeronimo Martins,Jeronimo Mrtins,Jeronmo Martins,Jeronmo Mrtins"
"Dollar Tree,Dollar Tre,Dolar Tree,Dolar Tre"
"ON Semiconductor Corp.,ON Semiconducr Corp.,ON Semicondctor Corp.,ON Semicondctor Corp."
"Ovintiv,Ointiv,Oviniv,Oviniv"
"Hanwha,Hanha,Hawha,Hanha"
"Naver,Nver,Navr,Navr"
"Suzano,Suzno,Szano,Szano"
"Expedia Group,Expedia Grup,Expeda Group,Expeda Grup"
"Telkom Indonesia,Telkom Indonesa,Telkm Indonesia,Telkm Indonesa"
"Tokyo Gas,Toky Gas,Toio Gas,Toio Gas"
"China National Building,China National Bilding,Chna National Building,Chna National Bilding"
"Fidelity National Information,Fidelity National Informtion,Fidlity National Information,Fidlity National Informtion"
"Saudi Arabian Mining,Saudi Arabian Minng,Saudi Arabian Ming,Saudi Arabian Minng"
"CMS Energy,CMS Enrgy,CSM Energy,CSM Enrgy"
"Martin Marietta Materials,Martin Marieta Materials,Martin Mariet Materials,Martin Mariet Materials"
"AES,AES,AE,A"
"Bank Of Chengdu,Bank Of Chengu,Bnk Of Chengdu,Bnk Of Chengu"
"Indian Railway Finance,Indian Railay Finance,Indan Railway Finance,Indan Railay Finance"
"Legend Holding,Legend Hlding,Legnd Holding,Legnd Hlding"
"Muyuan Foodstuff,Muyan Foodstuff,Muyan Foodstuf,Muyan Foodstuf"
"DuPont De Nemours,DuPont De Nemors,DuPont De Nmours,DuPont De Nmors"
"Wipro,Wi,Wi,Wip"
"Delta Electronics,Dlta Electronics,Delta Elecronics,Dlta Elecronics"
"Mashreq Bank,Mashrq Bank,Mashre Bank,Mashre Bnk"
"Molson Coors Brewing,Molson Coors Brewng,Molson Cors Brewing,Molson Cors Brewng"
"GAIL India,GAIL Inda,GIL India,GIL Inda"
"Moody's,Moody's,Moody,Moody"
"Restaurant Brands International,Restaurant Brands Internationl,Restarant Brands International,Restarant Brands Internationl"
"Eversource Energy,Eversource Enrgy,Eversorce Energy,Eversorce Enrgy"
"Bank Pekao,Bnk Pekao,Bank Pkao,Bnk Pkao"
"Teva Pharmaceutical,Teva Pharmaceutcal,Teva Pharmaceical,Teva Pharmaceial"
"Db Insurance,Db Insurane,Db Insurnce,Db Insurnce"
"Legrand,Lgrand,Legrnd,Lgrnd"
"Rakuten,Rakutn,Rakuen,Rakutn"
"Conagra Brands,Conagra Brnds,Conag Brands,Conag Brnds"
"Kellanova,Kellnova,Kellanov,Kellnov"
"Schindler Holding,Schindler Holdng,Schindlr Holding,Schindlr Holdng"
"Air France-KLM,Air Frnce-KLM,Ar France-KLM,Ar Frnce-KLM"
"TBEA,TEA,TBA,TEA"
"Bank Negara Indonesia,Bnk Negara Indonesia,Bank Negar Indonesia,Bnk Negar Indonesia"
"Welltower,Weltoer,Welower,Weltoer"
"Ericsson,Ercsson,Ericsso,Ercsson"
"Indian Bank,Indan Bank,Indin Bank,Indin Bank"
"DSM-Firmenich,DSM-Firmench,DSM-Firmench,DSM-Firmench"
"Waste Connections,Wste Connections,Wste Connetions,Wste Connetions"
"Techtronic Industries,Techtronic Indstries,Techtronic Industres,Techtronic Industres"
"Raizen,Razen,Raien,Raien"
"Anta Sports Products,Anta Sports Prodcts,Anta Sprts Products,Anta Sprts Prodcts"
"Kyushu Electric Power,Kyushu Electric Pwer,Kyushu Elecric Power,Kyushu Elecric Pwer"
"Kone,Kon,Kone,Kon"
"Semiconductor Manufacturing International,Semicondctor Manufacturing International,Semiconductor Manufactring International,Semicondctor Manufactring International"
"Ita¨²sa,Ita¨²sa,Ita¨²sa,Ita¨²sa"
"Halkbank,Hlkbank,Halkbnk,Hlkbnk"
"MOL Hungarian Oil,MOL Hungrian Oil,MOL Hngarian Oil,MOL Hngrian Oil"
"China Reinsurance Group,China Reinsurace Group,China Reinsurance Grup,China Reinsurace Grup"
"Formosa Petrochemical,Formosa Petochemical,Formsa Petrochemical,Formsa Petochemical"
"Vedanta Limited,Vednta Limited,Vedana Limited,Vedana Limited"
"Ferrari,Ferari,Ferrari,Ferari"
"Shanghai International Port,Shanghai Interational Port,Shanghai Internationl Port,Shanghai Internationl Port"
"Reliance Steel,Relance Steel,Reliace Steel,Reliace Steel"
"Yuanta Financial Holding,Yuanta Financal Holding,Yuanta Financial Hlding,Yuanta Financal Hlding"
"NVR,NR,NVR,NR"
"Penske Automotive,Penske Automotve,Penske Autmotive,Penske Autmotive"
"St. James's Place,St. James's Plc,St. James Place,St. James Plc"
"China Bohai Bank,China Bohi Bank,Chna Bohai Bank,Chna Bohi Bank"
"China Three Gorges Renewables,China Three Gorges Renwables,Chna Three Gorges Renewables,Chna Three Gorges Renwables"
"Tongwei,Tongwei,Tongwei,Tongwei"
"SCB X Public Company,SCB X Public Compny,SC X Public Company,SC X Public Compny"
"Vestas Wind Systems,Vestas Wind Systms,Vstas Wind Systems,Vstas Wind Systms"
"KE Holdings,KE Holdngs,K Holdings,K Holdngs"
"Dassault Systemes,Dassault Systmes,Dassalt Systemes,Dassalt Systmes"
"DiDi Global,DiDi Gobal,DiDi Glbal,DiDi Glbal"
"SK Innovation,S Innovation,SK Innovtion,S Innovtion"
"CGI,CG,CG,CG"
"American Water Works,American Watr Works,Amercan Water Works,Amercan Watr Works"
"Textron,Texron,Txtron,Txron"
"Pembina Pipeline,Pembina Pipline,Pembna Pipeline,Pembna Pipline"
"Banque Saudi Fransi,Banque Sudi Fransi,Bnque Saudi Fransi,Bnque Sudi Fransi"
"Fosun International,Fosun Internationl,Fosn International,Fosn Internationl"
"Zimmer Biomet,Zimer Biomet,Zimmer Biomt,Zimer Biomt"
"Bangkok Bank,Bangkok Bnk,Bngkok Bank,Bngkok Bnk"
"China National Chemical,China National Chemcal,Chna National Chemical,Chna National Chemcal"
"Yum! Brands,Yum Brands,Ym! Brands,Ym Brands"
"Lithia Motors,Lithia Motos,Litha Motors,Litha Motos"
"Aena,Ana,Aen,Ana"
"Lonza Group,Lonza Grup,Lonza Grop,Lonza Grop"
"Synopsys,Synopsis,Synpsy,Synpsy"
"United Microelectronics,United Microelectonics,United Micorelectronics,United Micorelectonics"
"Uni-President,Uni-Presdent,Uni-Presidet,Uni-Presdet"
"China Cinda Asset Management,China Cinda Aset Management,China Cinda Asset Managemnt,China Cinda Aset Managemnt"
"Nongfu Spring,Nongfu Sring,Nongfu Sprng,Nongfu Sring"
"Scor,Sor,Scr,Sor"
"E.Sun Financial,E.Sun Financal,E. Sun Financial,E. Sun Financal"
"Rockwell Automation,Rockwell Automtion,Rockwel Automation,Rockwel Automtion"
"Santos,Sntos,Sanos,Sanos"
"Kirin Holdings,Kirin Holdngs,Krnin Holdings,Krnin Holdngs"
"Snam,Snm,Sanm,Sanm"
"Abu Dhabi Islamic Bank,Abu Dhabi Islamc Bank,Ab Dhabi Islamic Bank,Ab Dhabi Islamc Bank"
"KT,KT,K,KT"
"Sungrow Power Supply,Sungrow Power Suply,Sungow Power Supply,Sungow Power Suply"
"Air Canada,Air Canda,Ar Canada,Ar Canda"
"CarMax,CarMax,CaMax,CaMax"
"Dover,Dver,Dovr,Dovr"
"Zhejiang Zheneng Electric Power,Zhejiang Zheneng Electric Pwer,Zhejiang Zheneng Elecric Power,Zhejiang Zheneng Elecric Pwer"
"Sunac China Holdings,Sunac China Holdngs,Snac China Holdings,Snac China Holdngs"
"Ferrovial,Ferrovil,Ferrovil,Ferrovil"
"PBF Energy,PBF Enrgy,PF Energy,PF Enrgy"
